序号,汉字,Unicode,Unicode十六进制,拼音首字母,笔画数估算
1,的,30340,U+7684,D,12-30
2,是,26159,U+662F,Y,10-25
3,一,19968,U+4E00,S,5-15
4,不,19981,U+4E0D,B,5-15
5,了,20102,U+4E86,Z,5-15
6,在,22312,U+5728,L,8-20
7,人,20154,U+4EBA,N,5-15
8,有,26377,U+6709,R,10-25
9,我,25105,U+6211,W,10-25
10,他,20182,U+4ED6,T,5-15
11,这,36825,U+8FD9,Z,12-30
12,中,20013,U+4E2D,D,5-15
13,大,22823,U+5927,L,8-20
14,来,26469,U+6765,D,10-25
15,上,19978,U+4E0A,Y,5-15
16,个,20010,U+4E2A,S,5-15
17,国,22269,U+56FD,G,8-20
18,到,21040,U+5230,D,8-20
19,说,35828,U+8BF4,S,12-30
20,们,20204,U+4EEC,S,5-15
21,为,20026,U+4E3A,M,5-15
22,子,23376,U+5B50,N,8-20
23,和,21644,U+548C,W,8-20
24,你,20320,U+4F60,H,5-15
25,地,22320,U+5730,E,8-20
26,出,20986,U+51FA,N,8-20
27,会,20250,U+4F1A,D,5-15
28,也,20063,U+4E5F,X,5-15
29,时,26102,U+65F6,Z,10-25
30,要,35201,U+8981,S,12-30
31,就,23601,U+5C31,D,8-20
32,能,33021,U+80FD,Z,12-30
33,下,19979,U+4E0B,C,5-15
34,行,34892,U+884C,S,12-30
35,对,23545,U+5BF9,S,8-20
36,着,30528,U+7740,L,12-30
37,生,29983,U+751F,N,12-30
38,里,37324,U+91CC,?,12-30
39,年,24180,U+5E74,?,8-20
40,前,21069,U+524D,Q,8-20
41,面,38754,U+9762,M,12-30
42,后,21518,U+540E,H,8-20
43,东,19996,U+4E1C,D,5-15
44,西,35199,U+897F,X,12-30
45,南,21335,U+5357,N,8-20
46,北,21271,U+5317,B,8-20
47,小,23567,U+5C0F,X,8-20
48,高,39640,U+9AD8,G,12-30
49,多,22810,U+591A,D,8-20
50,少,23569,U+5C11,S,8-20
51,长,38271,U+957F,D,12-30
52,短,30701,U+77ED,C,12-30
53,快,24555,U+5FEB,K,8-20
54,慢,24930,U+6162,M,10-25
55,好,22909,U+597D,H,8-20
56,新,26032,U+65B0,X,10-25
57,旧,26087,U+65E7,J,10-25
58,远,36828,U+8FDC,Y,12-30
59,近,36817,U+8FD1,J,12-30
60,安,23433,U+5B89,A,8-20
61,危,21361,U+5371,H,8-20
62,黑,40657,U+9ED1,J,12-30
63,吉,21513,U+5409,L,8-20
64,辽,36797,U+8FBD,L,12-30
65,冀,20864,U+5180,J,8-20
66,鲁,40065,U+9C81,Y,12-30
67,豫,35947,U+8C6B,S,12-30
68,晋,26187,U+664B,G,10-25
69,陕,38485,U+9655,C,12-30
70,甘,29976,U+7518,E,12-30
71,川,24029,U+5DDD,X,8-20
72,鄂,37122,U+9102,A,12-30
73,湘,28248,U+6E58,W,10-25
74,皖,30358,U+7696,G,12-30
75,赣,36195,U+8D63,S,12-30
76,苏,33487,U+82CF,Z,12-30
77,浙,27993,U+6D59,M,10-25
78,闽,38397,U+95FD,?,12-30
79,粤,31908,U+7CA4,Y,12-30
80,滇,28359,U+6EC7,D,10-25
81,黔,40660,U+9ED4,Q,12-30
82,琼,29756,U+743C,Q,12-30
83,京,20140,U+4EAC,J,5-15
84,津,27941,U+6D25,J,10-25
85,沪,27818,U+6CAA,H,10-25
86,渝,28189,U+6E1D,Y,10-25
87,蒙,33945,U+8499,M,12-30
88,宁,23425,U+5B81,N,8-20
89,藏,34255,U+85CF,G,12-30
90,疆,30086,U+7586,Z,12-30
91,青,38738,U+9752,Q,12-30
92,桂,26690,U+6842,G,10-25
93,呼,21628,U+547C,H,8-20
94,沈,27784,U+6C88,S,10-25
95,哈,21704,U+54C8,H,8-20
96,杭,26477,U+676D,H,10-25
97,合,21512,U+5408,H,8-20
98,福,31119,U+798F,B,12-30
99,济,27982,U+6D4E,F,10-25
100,郑,37073,U+90D1,J,12-30
101,武,27494,U+6B66,Z,10-25
102,沙,27801,U+6C99,W,10-25
103,广,24191,U+5E7F,S,8-20
104,深,28145,U+6DF1,G,10-25
105,成,25104,U+6210,S,10-25
106,昆,26118,U+6606,C,10-25
107,贵,36149,U+8D35,K,12-30
108,兰,20848,U+5170,G,8-20
109,银,38134,U+94F6,L,12-30
110,厦,21414,U+53A6,Y,8-20
111,珠,29664,U+73E0,S,12-30
112,佛,20315,U+4F5B,Z,5-15
113,莞,33694,U+839E,F,12-30
114,惠,24800,U+60E0,G,10-25
115,州,24030,U+5DDE,H,8-20
116,泉,27849,U+6CC9,Z,10-25
117,烟,28895,U+70DF,Y,12-30
118,台,21488,U+53F0,T,8-20
119,威,23041,U+5A01,W,8-20
120,海,28023,U+6D77,E,10-25
121,徐,24464,U+5F90,X,8-20
122,温,28201,U+6E29,W,10-25
123,嘉,22025,U+5609,J,8-20
124,绍,32461,U+7ECD,S,12-30
125,金,37329,U+91D1,J,12-30
126,柳,26611,U+67F3,L,10-25
127,梧,26791,U+68A7,W,10-25
128,三,19977,U+4E09,S,5-15
129,亚,20122,U+4E9A,Y,5-15
130,泸,27896,U+6CF8,S,10-25
131,绵,32501,U+7EF5,L,12-30
132,德,24503,U+5FB7,M,8-20
133,阳,38451,U+9633,D,12-30
134,乐,20048,U+4E50,A,5-15
135,遵,36981,U+9075,Y,12-30
136,义,20041,U+4E49,L,5-15
137,毕,27605,U+6BD5,Z,10-25
138,铜,38108,U+94DC,Y,12-30
139,仁,20161,U+4EC1,B,5-15
140,顺,39034,U+987A,T,12-30
141,都,37117,U+90FD,R,12-30
142,匀,21248,U+5300,S,8-20
143,王,29579,U+738B,D,12-30
144,李,26446,U+674E,Y,10-25
145,张,24352,U+5F20,W,8-20
146,刘,21016,U+5218,L,8-20
147,陈,38472,U+9648,Z,12-30
148,杨,26472,U+6768,L,10-25
149,赵,36213,U+8D75,C,12-30
150,黄,40644,U+9EC4,Z,12-30
151,周,21608,U+5468,Y,8-20
152,吴,21556,U+5434,Z,8-20
153,孙,23385,U+5B59,H,8-20
154,马,39532,U+9A6C,Z,12-30
155,朱,26417,U+6731,W,10-25
156,胡,32993,U+80E1,S,12-30
157,郭,37101,U+90ED,?,12-30
158,何,20309,U+4F55,?,5-15
159,林,26519,U+6797,?,10-25
160,罗,32599,U+7F57,?,12-30
161,梁,26753,U+6881,?,10-25
162,谢,35874,U+8C22,?,12-30
163,宋,23435,U+5B8B,?,8-20
164,唐,21776,U+5510,?,8-20
165,韩,38889,U+97E9,?,12-30
166,冯,20911,U+51AF,?,8-20
167,董,33891,U+8463,?,12-30
168,程,31243,U+7A0B,?,12-30
169,蔡,34081,U+8521,?,12-30
170,曹,26361,U+66F9,?,10-25
171,袁,34945,U+8881,?,12-30
172,邓,37011,U+9093,?,12-30
173,许,35768,U+8BB8,?,12-30
174,傅,20613,U+5085,?,8-20
175,曾,26366,U+66FE,?,10-25
176,彭,24429,U+5F6D,?,8-20
177,吕,21525,U+5415,?,8-20
178,卢,21346,U+5362,?,8-20
179,蒋,33931,U+848B,?,12-30
180,贾,36158,U+8D3E,?,12-30
181,丁,19969,U+4E01,?,5-15
182,魏,39759,U+9B4F,?,12-30
183,薛,34203,U+859B,?,12-30
184,叶,21494,U+53F6,?,8-20
185,阎,38414,U+960E,?,12-30
186,余,20313,U+4F59,?,5-15
187,潘,28504,U+6F58,?,10-25
188,杜,26460,U+675C,?,10-25
189,左,24038,U+5DE6,?,8-20
190,右,21491,U+53F3,?,8-20
191,内,20869,U+5185,?,8-20
192,外,22806,U+5916,?,8-20
193,主,20027,U+4E3B,?,5-15
194,副,21103,U+526F,?,8-20
195,正,27491,U+6B63,?,10-25
196,偏,20559,U+504F,?,8-20
197,收,25910,U+6536,?,10-25
198,发,21457,U+53D1,?,8-20
199,守,23432,U+5B88,?,8-20
200,听,21548,U+542C,?,8-20
201,叫,21483,U+53EB,?,8-20
202,紧,32039,U+7D27,?,12-30
203,急,24613,U+6025,?,10-25
204,救,25937,U+6551,?,10-25
205,援,25588,U+63F4,?,10-25
206,消,28040,U+6D88,?,10-25
207,防,38450,U+9632,?,12-30
208,医,21307,U+533B,?,8-20
209,疗,30103,U+7597,?,12-30
210,保,20445,U+4FDD,?,5-15
211,维,32500,U+7EF4,?,12-30
212,修,20462,U+4FEE,?,5-15
213,检,26816,U+68C0,?,10-25
214,查,26597,U+67E5,?,10-25
215,测,27979,U+6D4B,?,10-25
216,试,35797,U+8BD5,?,12-30
217,报,25253,U+62A5,?,10-25
218,警,35686,U+8B66,?,12-30
219,信,20449,U+4FE1,?,5-15
220,号,21495,U+53F7,?,8-20
221,连,36830,U+8FDE,?,12-30
222,接,25509,U+63A5,?,10-25
223,断,26029,U+65AD,?,10-25
224,开,24320,U+5F00,?,8-20
225,射,23556,U+5C04,?,8-20
226,频,39057,U+9891,?,12-30
227,道,36947,U+9053,?,12-30
228,波,27874,U+6CE2,?,10-25
229,段,27573,U+6BB5,?,10-25
230,功,21151,U+529F,?,8-20
231,率,29575,U+7387,?,12-30
232,音,38899,U+97F3,?,12-30
233,量,37327,U+91CF,?,12-30
234,关,20851,U+5173,?,8-20
235,启,21551,U+542F,?,8-20
236,停,20572,U+505C,?,8-20
237,暂,26242,U+6682,?,10-25
238,继,32487,U+7EE7,?,12-30
239,返,36820,U+8FD4,?,12-30
240,确,30830,U+786E,?,12-30
241,认,35748,U+8BA4,?,12-30
242,取,21462,U+53D6,?,8-20
243,二,20108,U+4E8C,?,5-15
244,四,22235,U+56DB,?,8-20
245,五,20116,U+4E94,?,5-15
246,六,20845,U+516D,?,8-20
247,七,19971,U+4E03,?,5-15
248,八,20843,U+516B,?,8-20
249,九,20061,U+4E5D,?,5-15
250,十,21313,U+5341,?,8-20
251,百,30334,U+767E,?,12-30
252,千,21315,U+5343,?,8-20
253,万,19975,U+4E07,?,5-15
254,半,21322,U+534A,?,8-20
255,点,28857,U+70B9,?,12-30
256,零,38646,U+96F6,?,12-30
257,两,20004,U+4E24,?,5-15
258,几,20960,U+51E0,?,8-20
259,第,31532,U+7B2C,?,12-30
260,每,27599,U+6BCF,?,10-25
261,各,21508,U+5404,?,8-20
262,区,21306,U+533A,?,8-20
263,栋,26635,U+680B,?,10-25
264,层,23618,U+5C42,?,8-20
265,排,25490,U+6392,?,10-25
266,座,24231,U+5EA7,?,8-20
267,间,38388,U+95F4,?,12-30
268,组,32452,U+7EC4,?,12-30
269,队,38431,U+961F,?,12-30
270,套,22871,U+5957,?,8-20
271,天,22825,U+5929,?,8-20
272,水,27700,U+6C34,?,10-25
273,火,28779,U+706B,?,12-30
274,风,39118,U+98CE,?,12-30
275,山,23665,U+5C71,?,8-20
276,河,27827,U+6CB3,?,10-25
277,路,36335,U+8DEF,?,12-30
278,桥,26725,U+6865,?,10-25
279,港,28207,U+6E2F,?,10-25
280,村,26449,U+6751,?,10-25
281,站,31449,U+7AD9,?,12-30
282,门,38376,U+95E8,?,12-30
283,口,21475,U+53E3,?,8-20
284,车,36710,U+8F66,?,12-30
285,船,33337,U+8239,?,12-30
286,街,34903,U+8857,?,12-30
287,巷,24055,U+5DF7,?,8-20
288,坪,22378,U+576A,?,8-20
289,坝,22365,U+575D,?,8-20
290,湾,28286,U+6E7E,?,10-25
291,坡,22369,U+5761,?,8-20
292,岭,23725,U+5CAD,?,8-20
293,峰,23792,U+5CF0,?,8-20
294,谷,35895,U+8C37,?,12-30
295,洞,27934,U+6D1E,?,10-25
296,溪,28330,U+6EAA,?,10-25
297,池,27744,U+6C60,?,10-25
298,湖,28246,U+6E56,?,10-25
299,江,27743,U+6C5F,?,10-25
300,洲,27954,U+6D32,?,10-25
301,岛,23707,U+5C9B,?,8-20
302,红,32418,U+7EA2,?,12-30
303,蓝,34013,U+84DD,?,12-30
304,绿,32511,U+7EFF,?,12-30
305,白,30333,U+767D,?,12-30
306,紫,32043,U+7D2B,?,12-30
307,铁,38081,U+94C1,?,12-30
308,明,26126,U+660E,?,10-25
309,亮,20142,U+4EAE,?,5-15
310,暗,26263,U+6697,?,10-25
311,清,28165,U+6E05,?,10-25
312,强,24378,U+5F3A,?,8-20
313,弱,24369,U+5F31,?,8-20
314,轻,36731,U+8F7B,?,12-30
315,重,37325,U+91CD,?,12-30
316,热,28909,U+70ED,?,12-30
317,冷,20919,U+51B7,?,8-20
318,凉,20937,U+51C9,?,8-20
319,干,24178,U+5E72,?,8-20
320,湿,28287,U+6E7F,?,10-25
321,稳,31283,U+7A33,?,12-30
322,满,28385,U+6EE1,?,10-25
323,空,31354,U+7A7A,?,12-30
324,真,30495,U+771F,?,12-30
325,假,20551,U+5047,?,8-20
326,坏,22351,U+574F,?,8-20
327,进,36827,U+8FDB,?,12-30
328,退,36864,U+9000,?,12-30
329,升,21319,U+5347,?,8-20
330,降,38477,U+964D,?,12-30
331,增,22686,U+589E,?,8-20
332,减,20943,U+51CF,?,8-20
333,存,23384,U+5B58,?,8-20
334,删,21024,U+5220,?,8-20
335,添,28155,U+6DFB,?,10-25
336,加,21152,U+52A0,?,8-20
337,更,26356,U+66F4,?,10-25
338,换,25442,U+6362,?,10-25
339,移,31227,U+79FB,?,12-30
340,动,21160,U+52A8,?,8-20
341,扩,25193,U+6269,?,10-25
342,缩,32553,U+7F29,?,12-30
343,显,26174,U+663E,?,10-25
344,示,31034,U+793A,?,12-30
345,输,36755,U+8F93,?,12-30
346,入,20837,U+5165,?,8-20
347,读,35835,U+8BFB,?,12-30
348,写,20889,U+5199,?,8-20
349,播,25773,U+64AD,?,10-25
350,通,36890,U+901A,?,12-30
351,阻,38459,U+963B,?,12-30
352,逆,36870,U+9006,?,12-30
353,常,24120,U+5E38,?,8-20
354,异,24322,U+5F02,?,8-20
355,优,20248,U+4F18,?,5-15
356,先,20808,U+5148,?,8-20
357,工,24037,U+5DE5,?,8-20
358,厂,21378,U+5382,?,8-20
359,楼,27004,U+697C,?,10-25
360,房,25151,U+623F,?,10-25
361,屋,23627,U+5C4B,?,8-20
362,舍,33293,U+820D,?,12-30
363,院,38498,U+9662,?,12-30
364,场,22330,U+573A,?,8-20
365,园,22253,U+56ED,?,8-20
366,馆,39302,U+9986,?,12-30
367,心,24515,U+5FC3,?,8-20
368,室,23460,U+5BA4,?,8-20
369,厅,21381,U+5385,?,8-20
370,窗,31383,U+7A97,?,12-30
371,弹,24377,U+5F39,?,8-20
372,墙,22681,U+5899,?,8-20
373,壁,22721,U+58C1,?,8-20
374,柱,26609,U+67F1,?,10-25
375,顶,39030,U+9876,?,12-30
376,底,24213,U+5E95,?,8-20
377,板,26495,U+677F,?,10-25
378,梯,26799,U+68AF,?,10-25
379,走,36208,U+8D70,?,12-30
380,廊,24266,U+5ECA,?,8-20
381,电,30005,U+7535,?,12-30
382,器,22120,U+5668,?,8-20
383,油,27833,U+6CB9,?,10-25
384,汽,27773,U+6C7D,?,10-25
385,煤,29028,U+7164,?,12-30
386,雷,38647,U+96F7,?,12-30
387,光,20809,U+5149,?,8-20
388,声,22768,U+58F0,?,8-20
389,色,33394,U+8272,?,12-30
390,形,24418,U+5F62,?,8-20
391,宽,23485,U+5BBD,?,8-20
392,窄,31364,U+7A84,?,12-30
393,浅,27973,U+6D45,?,10-25
394,低,20302,U+4F4E,?,5-15
395,厚,21402,U+539A,?,8-20
396,薄,34180,U+8584,?,12-30
397,粗,31895,U+7C97,?,12-30
398,细,32454,U+7EC6,?,12-30
399,疏,30095,U+758F,?,12-30
400,密,23494,U+5BC6,?,8-20
401,级,32423,U+7EA7,?,12-30
402,种,31181,U+79CD,?,12-30
403,类,31867,U+7C7B,?,12-30
404,样,26679,U+6837,?,10-25
405,机,26426,U+673A,?,10-25
406,飞,39134,U+98DE,?,12-30
407,潜,28508,U+6F5C,?,10-25
408,爬,29228,U+722C,?,12-30
409,跳,36339,U+8DF3,?,12-30
410,跑,36305,U+8DD1,?,12-30
411,立,31435,U+7ACB,?,12-30
412,坐,22352,U+5750,?,8-20
413,卧,21351,U+5367,?,8-20
414,倒,20498,U+5012,?,8-20
415,拿,25343,U+62FF,?,10-25
416,放,25918,U+653E,?,10-25
417,送,36865,U+9001,?,12-30
418,迎,36814,U+8FCE,?,12-30
419,还,36824,U+8FD8,?,12-30
420,买,20080,U+4E70,?,5-15
421,卖,21334,U+5356,?,8-20
422,借,20511,U+501F,?,8-20
423,看,30475,U+770B,?,12-30
424,想,24819,U+60F3,?,10-25
425,思,24605,U+601D,?,10-25
426,愿,24895,U+613F,?,10-25
427,意,24847,U+610F,?,10-25
428,欲,27442,U+6B32,?,10-25
429,需,38656,U+9700,?,12-30
430,必,24517,U+5FC5,?,8-20
431,须,39035,U+987B,?,12-30
432,可,21487,U+53EF,?,8-20
433,该,35813,U+8BE5,?,12-30
434,应,24212,U+5E94,?,8-20
435,被,34987,U+88AB,?,12-30
436,把,25226,U+628A,?,10-25
437,给,32473,U+7ED9,?,12-30
438,让,35753,U+8BA9,?,12-30
439,向,21521,U+5411,?,8-20
440,从,20174,U+4ECE,?,5-15
441,过,36807,U+8FC7,?,12-30
442,无,26080,U+65E0,?,10-25
443,没,27809,U+6CA1,?,10-25
444,又,21448,U+53C8,?,8-20
445,花,33457,U+82B1,?,12-30
446,草,33609,U+8349,?,12-30
447,树,26641,U+6811,?,10-25
448,木,26408,U+6728,?,10-25
449,竹,31481,U+7AF9,?,12-30
450,米,31859,U+7C73,?,12-30
451,麦,40614,U+9EA6,?,12-30
452,豆,35910,U+8C46,?,12-30
453,瓜,29916,U+74DC,?,12-30
454,果,26524,U+679C,?,10-25
455,菜,33756,U+83DC,?,12-30
456,茶,33590,U+8336,?,12-30
457,药,33647,U+836F,?,12-30
458,鱼,40060,U+9C7C,?,12-30
459,鸟,40479,U+9E1F,?,12-30
460,兽,20861,U+517D,?,8-20
461,虫,34411,U+866B,?,12-30
462,龙,40857,U+9F99,?,12-30
463,凤,20964,U+51E4,?,8-20
464,虎,34382,U+864E,?,12-30
465,狮,29422,U+72EE,?,12-30
466,熊,29066,U+718A,?,12-30
467,狼,29436,U+72FC,?,12-30
468,猫,29483,U+732B,?,12-30
469,狗,29399,U+72D7,?,12-30
470,鸡,40481,U+9E21,?,12-30
471,鸭,40493,U+9E2D,?,12-30
472,鹅,40517,U+9E45,?,12-30
473,铝,38109,U+94DD,?,12-30
474,钢,38050,U+94A2,?,12-30
475,玉,29577,U+7389,?,12-30
476,石,30707,U+77F3,?,12-30
477,玻,29627,U+73BB,?,12-30
478,璃,29827,U+7483,?,12-30
479,陶,38518,U+9676,?,12-30
480,瓷,29943,U+74F7,?,12-30
481,漆,28422,U+6F06,?,10-25
482,布,24067,U+5E03,?,8-20
483,纸,32440,U+7EB8,?,12-30
484,皮,30382,U+76AE,?,12-30
485,毛,27611,U+6BDB,?,10-25
486,棉,26825,U+68C9,?,10-25
487,麻,40635,U+9EBB,?,12-30
488,丝,19997,U+4E1D,?,5-15
489,绸,32504,U+7EF8,?,12-30
490,缎,32526,U+7F0E,?,12-30
491,呢,21602,U+5462,?,8-20
492,绒,32466,U+7ED2,?,12-30
493,春,26149,U+6625,?,10-25
494,夏,22799,U+590F,?,8-20
495,秋,31179,U+79CB,?,12-30
496,冬,20908,U+51AC,?,8-20
497,晨,26216,U+6668,?,10-25
498,昏,26127,U+660F,?,10-25
499,早,26089,U+65E9,?,10-25
500,晚,26202,U+665A,?,10-25
501,日,26085,U+65E5,?,10-25
502,夜,22812,U+591C,?,8-20
503,朝,26397,U+671D,?,10-25
504,夕,22805,U+5915,?,8-20
505,阴,38452,U+9634,?,12-30
506,晴,26228,U+6674,?,10-25
507,雨,38632,U+96E8,?,12-30
508,雪,38634,U+96EA,?,12-30
509,霜,38684,U+971C,?,12-30
510,露,38706,U+9732,?,12-30
511,雾,38654,U+96FE,?,12-30
512,云,20113,U+4E91,?,5-15
513,霞,38686,U+971E,?,12-30
514,虹,34425,U+8679,?,12-30
515,赤,36196,U+8D64,?,12-30
516,橙,27225,U+6A59,?,10-25
517,灰,28784,U+7070,?,12-30
518,褐,35088,U+8910,?,12-30
519,粉,31881,U+7C89,?,12-30
520,彩,24425,U+5F69,?,8-20
521,浓,27987,U+6D53,?,10-25
522,淡,28129,U+6DE1,?,10-25
523,巅,24005,U+5DC5,?,8-20
524,昌,26124,U+660C,?,10-25
525,平,24179,U+5E73,?,8-20
526,协,21327,U+534F,?,8-20
527,战,25112,U+6218,?,10-25
528,斗,26007,U+6597,?,10-25
529,班,29677,U+73ED,?,12-30
530,陵,38517,U+9675,?,12-30
531,蔚,34074,U+851A,?,12-30
532,县,21439,U+53BF,?,8-20
533,苑,33489,U+82D1,?,12-30
534,儋,20747,U+510B,?,8-20
535,范,33539,U+8303,?,12-30
536,围,22260,U+56F4,?,8-20
537,盒,30418,U+76D2,?,12-30
538,才,25165,U+624D,?,10-25
539,啊,21834,U+554A,?,8-20
540,闫,38379,U+95EB,?,12-30
541,党,20826,U+515A,?,8-20
542,隘,38552,U+9698,?,12-30
543,服,26381,U+670D,?,10-25
544,曙,26329,U+66D9,?,10-25
545,炉,28809,U+7089,?,12-30
546,索,32034,U+7D22,?,12-30
547,蛟,34527,U+86DF,?,12-30
548,载,36733,U+8F7D,?,12-30
549,登,30331,U+767B,?,12-30
550,鬼,39740,U+9B3C,?,12-30
551,朋,26379,U+670B,?,10-25
552,鼎,40718,U+9F0E,?,12-30
553,誉,35465,U+8A89,?,12-30
554,倌,20492,U+500C,?,8-20
555,猪,29482,U+732A,?,12-30
556,佩,20329,U+4F69,?,5-15
557,荒,33618,U+8352,?,12-30
558,柏,26575,U+67CF,?,10-25
559,庭,24237,U+5EAD,?,8-20
560,业,19994,U+4E1A,?,5-15
561,临,20020,U+4E34,?,5-15
562,于,20110,U+4E8E,?,5-15
563,仅,20165,U+4EC5,?,5-15
564,仪,20202,U+4EEA,?,5-15
565,作,20316,U+4F5C,?,5-15
566,侧,20391,U+4FA7,?,5-15
567,候,20505,U+5019,?,8-20
568,储,20648,U+50A8,?,8-20
569,全,20840,U+5168,?,8-20
570,其,20854,U+5176,?,8-20
571,典,20856,U+5178,?,8-20
572,准,20934,U+51C6,?,8-20
573,分,20998,U+5206,?,8-20
574,切,20999,U+5207,?,8-20
575,列,21015,U+5217,?,8-20
576,制,21046,U+5236,?,8-20
577,力,21147,U+529B,?,8-20
578,包,21253,U+5305,?,8-20
579,占,21344,U+5360,?,8-20
580,即,21363,U+5373,?,8-20
581,压,21387,U+538B,?,8-20
582,双,21452,U+53CC,?,8-20
583,反,21453,U+53CD,?,8-20
584,叮,21486,U+53EE,?,8-20
585,名,21517,U+540D,?,8-20
586,命,21629,U+547D,?,8-20
587,克,20811,U+514B,?,8-20
588,咚,21658,U+549A,?,8-20
589,响,21709,U+54CD,?,8-20
590,噪,22122,U+566A,?,8-20
591,回,22238,U+56DE,?,8-20
592,型,22411,U+578B,?,8-20
593,复,22797,U+590D,?,8-20
594,它,23427,U+5B83,?,8-20
595,完,23436,U+5B8C,?,8-20
596,定,23450,U+5B9A,?,8-20
597,导,23548,U+5BFC,?,8-20
598,尾,23614,U+5C3E,?,8-20
599,差,24046,U+5DEE,?,8-20
600,带,24102,U+5E26,?,8-20
601,度,24230,U+5EA6,?,8-20
602,式,24335,U+5F0F,?,8-20
603,待,24453,U+5F85,?,8-20
604,忙,24537,U+5FD9,?,8-20
605,念,24565,U+5FF5,?,8-20
606,恢,24674,U+6062,?,10-25
607,息,24687,U+606F,?,10-25
608,户,25143,U+6237,?,10-25
609,手,25163,U+624B,?,10-25
610,打,25171,U+6253,?,10-25
611,扫,25195,U+626B,?,10-25
612,描,25551,U+63CF,?,10-25
613,持,25345,U+6301,?,10-25
614,按,25353,U+6309,?,10-25
615,控,25511,U+63A7,?,10-25
616,拟,25311,U+62DF,?,10-25
617,提,25552,U+63D0,?,10-25
618,文,25991,U+6587,?,10-25
619,最,26368,U+6700,?,10-25
620,条,26465,U+6761,?,10-25
621,校,26657,U+6821,?,10-25
622,模,27169,U+6A21,?,10-25
623,止,27490,U+6B62,?,10-25
624,步,27493,U+6B65,?,10-25
625,比,27604,U+6BD4,?,10-25
626,版,29256,U+7248,?,12-30
627,现,29616,U+73B0,?,12-30
628,画,30011,U+753B,?,12-30
629,益,30410,U+76CA,?,12-30
630,监,30417,U+76D1,?,12-30
631,盘,30424,U+76D8,?,12-30
632,直,30452,U+76F4,?,12-30
633,码,30721,U+7801,?,12-30
634,禁,31105,U+7981,?,12-30
635,称,31216,U+79F0,?,12-30
636,端,31471,U+7AEF,?,12-30
637,等,31561,U+7B49,?,12-30
638,简,31616,U+7B80,?,12-30
639,精,31934,U+7CBE,?,12-30
640,系,31995,U+7CFB,?,12-30
641,繁,32321,U+7E41,?,12-30
642,纪,32426,U+7EAA,?,12-30
643,经,32463,U+7ECF,?,12-30
644,统,32479,U+7EDF,?,12-30
645,置,32622,U+7F6E,?,12-30
646,联,32852,U+8054,?,12-30
647,自,33258,U+81EA,?,12-30
648,航,33322,U+822A,?,12-30
649,背,32972,U+80CC,?,12-30
650,节,33410,U+8282,?,12-30
651,英,33521,U+82F1,?,12-30
652,表,34920,U+8868,?,12-30
653,视,35270,U+89C6,?,12-30
654,觉,35273,U+89C9,?,12-30
655,解,35299,U+89E3,?,12-30
656,语,35821,U+8BED,?,12-30
657,言,35328,U+8A00,?,12-30
658,设,35774,U+8BBE,?,12-30
659,调,35843,U+8C03,?,12-30
660,请,35831,U+8BF7,?,12-30
661,跨,36328,U+8DE8,?,12-30
662,部,37096,U+90E8,?,12-30
663,铃,38083,U+94C3,?,12-30
664,锁,38145,U+9501,?,12-30
665,键,38190,U+952E,?,12-30
666,限,38480,U+9650,?,12-30
667,除,38500,U+9664,?,12-30
668,静,38745,U+9759,?,12-30
669,页,39029,U+9875,?,12-30
670,魅,39749,U+9B45,?,12-30
671,默,40664,U+9ED8,?,12-30
672,字,23383,U+5B57,?,8-20
673,数,25968,U+6570,?,10-25
674,方,26041,U+65B9,?,10-25
675,用,29992,U+7528,?,12-30
676,省,30465,U+7701,?,12-30
677,丘,19992,U+4E18,?,5-15
678,丰,20016,U+4E30,?,5-15
679,丹,20025,U+4E39,?,5-15
680,丽,20029,U+4E3D,?,5-15
681,之,20043,U+4E4B,?,5-15
682,乌,20044,U+4E4C,?,5-15
683,乡,20065,U+4E61,?,5-15
684,乾,20094,U+4E7E,?,5-15
685,互,20114,U+4E92,?,5-15
686,亓,20115,U+4E93,?,5-15
687,井,20117,U+4E95,?,5-15
688,交,20132,U+4EA4,?,5-15
689,亭,20141,U+4EAD,?,5-15
690,亳,20147,U+4EB3,?,5-15
691,什,20160,U+4EC0,?,5-15
692,介,20171,U+4ECB,?,5-15
693,仓,20179,U+4ED3,?,5-15
694,仔,20180,U+4ED4,?,5-15
695,仙,20185,U+4ED9,?,5-15
696,令,20196,U+4EE4,?,5-15
697,任,20219,U+4EFB,?,5-15
698,伊,20234,U+4F0A,?,5-15
699,伍,20237,U+4F0D,?,5-15
700,休,20241,U+4F11,?,5-15
701,佳,20339,U+4F73,?,5-15
702,依,20381,U+4F9D,?,5-15
703,俱,20465,U+4FF1,?,5-15
704,偃,20547,U+5043,?,8-20
705,傲,20658,U+50B2,?,8-20
706,元,20803,U+5143,?,8-20
707,兄,20804,U+5144,?,8-20
708,充,20805,U+5145,?,8-20
709,兆,20806,U+5146,?,8-20
710,兖,20822,U+5156,?,8-20
711,公,20844,U+516C,?,8-20
712,兴,20852,U+5174,?,8-20
713,兵,20853,U+5175,?,8-20
714,冈,20872,U+5188,?,8-20
715,冕,20885,U+5195,?,8-20
716,农,20892,U+519C,?,8-20
717,冠,20896,U+51A0,?,8-20
718,冶,20918,U+51B6,?,8-20
719,凌,20940,U+51CC,?,8-20
720,刊,21002,U+520A,?,8-20
721,利,21033,U+5229,?,8-20
722,剑,21073,U+5251,?,8-20
723,务,21153,U+52A1,?,8-20
724,劲,21170,U+52B2,?,8-20
725,劳,21171,U+52B3,?,8-20
726,勇,21191,U+52C7,?,8-20
727,勒,21202,U+52D2,?,8-20
728,化,21270,U+5316,?,8-20
729,华,21326,U+534E,?,8-20
730,博,21338,U+535A,?,8-20
731,卡,21345,U+5361,?,8-20
732,卫,21355,U+536B,?,8-20
733,原,21407,U+539F,?,8-20
734,及,21450,U+53CA,?,8-20
735,友,21451,U+53CB,?,8-20
736,古,21476,U+53E4,?,8-20
737,句,21477,U+53E5,?,8-20
738,同,21516,U+540C,?,8-20
739,吾,21566,U+543E,?,8-20
740,咸,21688,U+54B8,?,8-20
741,哥,21733,U+54E5,?,8-20
742,商,21830,U+5546,?,8-20
743,喀,21888,U+5580,?,8-20
744,善,21892,U+5584,?,8-20
745,嘴,22068,U+5634,?,8-20
746,团,22242,U+56E2,?,8-20
747,固,22266,U+56FA,?,8-20
748,圆,22278,U+5706,?,8-20
749,圈,22280,U+5708,?,8-20
750,土,22303,U+571F,?,8-20
751,圣,22307,U+5723,?,8-20
752,圳,22323,U+5733,?,8-20
753,坊,22346,U+574A,?,8-20
754,坛,22363,U+575B,?,8-20
755,坦,22374,U+5766,?,8-20
756,坻,22395,U+577B,?,8-20
757,垣,22435,U+57A3,?,8-20
758,垦,22438,U+57A6,?,8-20
759,垫,22443,U+57AB,?,8-20
760,垭,22445,U+57AD,?,8-20
761,城,22478,U+57CE,?,8-20
762,埗,22487,U+57D7,?,8-20
763,埠,22496,U+57E0,?,8-20
764,基,22522,U+57FA,?,8-20
765,堂,22530,U+5802,?,8-20
766,堡,22561,U+5821,?,8-20
767,堰,22576,U+5830,?,8-20
768,塔,22612,U+5854,?,8-20
769,塘,22616,U+5858,?,8-20
770,塞,22622,U+585E,?,8-20
771,墨,22696,U+58A8,?,8-20
772,墩,22697,U+58A9,?,8-20
773,士,22763,U+58EB,?,8-20
774,壶,22774,U+58F6,?,8-20
775,备,22791,U+5907,?,8-20
776,太,22826,U+592A,?,8-20
777,头,22836,U+5934,?,8-20
778,夷,22839,U+5937,?,8-20
779,奇,22855,U+5947,?,8-20
780,奉,22857,U+5949,?,8-20
781,奎,22862,U+594E,?,8-20
782,如,22914,U+5982,?,8-20
783,姑,22993,U+59D1,?,8-20
784,姚,23002,U+59DA,?,8-20
785,姜,23004,U+59DC,?,8-20
786,娄,23044,U+5A04,?,8-20
787,嫂,23234,U+5AC2,?,8-20
788,孔,23380,U+5B54,?,8-20
789,孝,23389,U+5B5D,?,8-20
790,孟,23391,U+5B5F,?,8-20
791,学,23398,U+5B66,?,8-20
792,宏,23439,U+5B8F,?,8-20
793,宜,23452,U+5B9C,?,8-20
794,宝,23453,U+5B9D,?,8-20
795,实,23454,U+5B9E,?,8-20
796,审,23457,U+5BA1,?,8-20
797,宣,23459,U+5BA3,?,8-20
798,宫,23467,U+5BAB,?,8-20
799,家,23478,U+5BB6,?,8-20
800,容,23481,U+5BB9,?,8-20
801,宾,23486,U+5BBE,?,8-20
802,宿,23487,U+5BBF,?,8-20
803,富,23500,U+5BCC,?,8-20
804,寨,23528,U+5BE8,?,8-20
805,寮,23534,U+5BEE,?,8-20
806,寺,23546,U+5BFA,?,8-20
807,寿,23551,U+5BFF,?,8-20
808,封,23553,U+5C01,?,8-20
809,尉,23561,U+5C09,?,8-20
810,尔,23572,U+5C14,?,8-20
811,尖,23574,U+5C16,?,8-20
812,尚,23578,U+5C1A,?,8-20
813,尤,23588,U+5C24,?,8-20
814,尧,23591,U+5C27,?,8-20
815,居,23621,U+5C45,?,8-20
816,展,23637,U+5C55,?,8-20
817,屯,23663,U+5C6F,?,8-20
818,屿,23679,U+5C7F,?,8-20
819,岑,23697,U+5C91,?,8-20
820,岗,23703,U+5C97,?,8-20
821,岩,23721,U+5CA9,?,8-20
822,岳,23731,U+5CB3,?,8-20
823,岸,23736,U+5CB8,?,8-20
824,峙,23769,U+5CD9,?,8-20
825,峡,23777,U+5CE1,?,8-20
826,峪,23786,U+5CEA,?,8-20
827,崂,23810,U+5D02,?,8-20
828,崇,23815,U+5D07,?,8-20
829,崎,23822,U+5D0E,?,8-20
830,崖,23830,U+5D16,?,8-20
831,嵊,23882,U+5D4A,?,8-20
832,嵩,23913,U+5D69,?,8-20
833,巢,24034,U+5DE2,?,8-20
834,巨,24040,U+5DE8,?,8-20
835,巩,24041,U+5DE9,?,8-20
836,巴,24052,U+5DF4,?,8-20
837,市,24066,U+5E02,?,8-20
838,师,24072,U+5E08,?,8-20
839,帕,24085,U+5E15,?,8-20
840,帮,24110,U+5E2E,?,8-20
841,帽,24125,U+5E3D,?,8-20
842,幸,24184,U+5E78,?,8-20
843,庄,24196,U+5E84,?,8-20
844,庆,24198,U+5E86,?,8-20
845,庐,24208,U+5E90,?,8-20
846,库,24211,U+5E93,?,8-20
847,店,24215,U+5E97,?,8-20
848,庙,24217,U+5E99,?,8-20
849,府,24220,U+5E9C,?,8-20
850,康,24247,U+5EB7,?,8-20
851,延,24310,U+5EF6,?,8-20
852,建,24314,U+5EFA,?,8-20
853,弓,24339,U+5F13,?,8-20
854,弟,24351,U+5F1F,?,8-20
855,当,24403,U+5F53,?,8-20
856,征,24449,U+5F81,?,8-20
857,徒,24466,U+5F92,?,8-20
858,微,24494,U+5FAE,?,8-20
859,徽,24509,U+5FBD,?,8-20
860,志,24535,U+5FD7,?,8-20
861,忠,24544,U+5FE0,?,8-20
862,忻,24571,U+5FFB,?,8-20
863,怀,24576,U+6000,?,10-25
864,恩,24681,U+6069,?,10-25
865,悟,24735,U+609F,?,10-25
866,悦,24742,U+60A6,?,10-25
867,感,24863,U+611F,?,10-25
868,慈,24904,U+6148,?,10-25
869,扎,25166,U+624E,?,10-25
870,托,25176,U+6258,?,10-25
871,扬,25196,U+626C,?,10-25
872,扶,25206,U+6276,?,10-25
873,承,25215,U+627F,?,10-25
874,技,25216,U+6280,?,10-25
875,抚,25242,U+629A,?,10-25
876,抢,25250,U+62A2,?,10-25
877,拉,25289,U+62C9,?,10-25
878,拍,25293,U+62CD,?,10-25
879,拔,25300,U+62D4,?,10-25
880,招,25307,U+62DB,?,10-25
881,括,25324,U+62EC,?,10-25
882,挑,25361,U+6311,?,10-25
883,振,25391,U+632F,?,10-25
884,授,25480,U+6388,?,10-25
885,掖,25494,U+6396,?,10-25
886,搜,25628,U+641C,?,10-25
887,摩,25705,U+6469,?,10-25
888,攀,25856,U+6500,?,10-25
889,故,25925,U+6545,?,10-25
890,敦,25958,U+6566,?,10-25
891,整,25972,U+6574,?,10-25
892,斯,26031,U+65AF,?,10-25
893,施,26045,U+65BD,?,10-25
894,族,26063,U+65CF,?,10-25
895,旗,26071,U+65D7,?,10-25
896,旺,26106,U+65FA,?,10-25
897,易,26131,U+6613,?,10-25
898,昔,26132,U+6614,?,10-25
899,昝,26141,U+661D,?,10-25
900,星,26143,U+661F,?,10-25
901,昭,26157,U+662D,?,10-25
902,普,26222,U+666E,?,10-25
903,景,26223,U+666F,?,10-25
904,暨,26280,U+66A8,?,10-25
905,曲,26354,U+66F2,?,10-25
906,月,26376,U+6708,?,10-25
907,朐,26384,U+6710,?,10-25
908,朔,26388,U+6714,?,10-25
909,朗,26391,U+6717,?,10-25
910,望,26395,U+671B,?,10-25
911,未,26410,U+672A,?,10-25
912,本,26412,U+672C,?,10-25
913,术,26415,U+672F,?,10-25
914,朵,26421,U+6735,?,10-25
915,权,26435,U+6743,?,10-25
916,杞,26462,U+675E,?,10-25
917,松,26494,U+677E,?,10-25
918,极,26497,U+6781,?,10-25
919,枝,26525,U+679D,?,10-25
920,枣,26531,U+67A3,?,10-25
921,柴,26612,U+67F4,?,10-25
922,标,26631,U+6807,?,10-25
923,栏,26639,U+680F,?,10-25
924,株,26666,U+682A,?,10-25
925,格,26684,U+683C,?,10-25
926,栾,26686,U+683E,?,10-25
927,桃,26691,U+6843,?,10-25
928,桐,26704,U+6850,?,10-25
929,桑,26705,U+6851,?,10-25
930,桓,26707,U+6853,?,10-25
931,桦,26726,U+6866,?,10-25
932,梅,26757,U+6885,?,10-25
933,梓,26771,U+6893,?,10-25
934,梨,26792,U+68A8,?,10-25
935,椒,26898,U+6912,?,10-25
936,楚,26970,U+695A,?,10-25
937,榄,27012,U+6984,?,10-25
938,榆,27014,U+6986,?,10-25
939,榕,27029,U+6995,?,10-25
940,榜,27036,U+699C,?,10-25
941,樟,27167,U+6A1F,?,10-25
942,横,27178,U+6A2A,?,10-25
943,樵,27189,U+6A35,?,10-25
944,歌,27468,U+6B4C,?,10-25
945,氏,27663,U+6C0F,?,10-25
946,民,27665,U+6C11,?,10-25
947,永,27704,U+6C38,?,10-25
948,汇,27719,U+6C47,?,10-25
949,汉,27721,U+6C49,?,10-25
950,汕,27733,U+6C55,?,10-25
951,汝,27741,U+6C5D,?,10-25
952,汤,27748,U+6C64,?,10-25
953,汨,27752,U+6C68,?,10-25
954,汾,27774,U+6C7E,?,10-25
955,沁,27777,U+6C81,?,10-25
956,沂,27778,U+6C82,?,10-25
957,沅,27781,U+6C85,?,10-25
958,沛,27803,U+6C9B,?,10-25
959,沟,27807,U+6C9F,?,10-25
960,沧,27815,U+6CA7,?,10-25
961,沭,27821,U+6CAD,?,10-25
962,治,27835,U+6CBB,?,10-25
963,沽,27837,U+6CBD,?,10-25
964,沾,27838,U+6CBE,?,10-25
965,泊,27850,U+6CCA,?,10-25
966,法,27861,U+6CD5,?,10-25
967,泗,27863,U+6CD7,?,10-25
968,泮,27886,U+6CEE,?,10-25
969,泰,27888,U+6CF0,?,10-25
970,泽,27901,U+6CFD,?,10-25
971,泾,27902,U+6CFE,?,10-25
972,洈,27912,U+6D08,?,10-25
973,洋,27915,U+6D0B,?,10-25
974,洛,27931,U+6D1B,?,10-25
975,洪,27946,U+6D2A,?,10-25
976,洱,27953,U+6D31,?,10-25
977,流,27969,U+6D41,?,10-25
978,浏,27983,U+6D4F,?,10-25
979,浦,28006,U+6D66,?,10-25
980,浩,28009,U+6D69,?,10-25
981,浪,28010,U+6D6A,?,10-25
982,浮,28014,U+6D6E,?,10-25
983,涉,28041,U+6D89,?,10-25
984,涞,28062,U+6D9E,?,10-25
985,涟,28063,U+6D9F,?,10-25
986,涡,28065,U+6DA1,?,10-25
987,润,28070,U+6DA6,?,10-25
988,涿,28095,U+6DBF,?,10-25
989,淄,28100,U+6DC4,?,10-25
990,淮,28142,U+6DEE,?,10-25
991,淼,28156,U+6DFC,?,10-25
992,渑,28177,U+6E11,?,10-25
993,渠,28192,U+6E20,?,10-25
994,渭,28205,U+6E2D,?,10-25
995,湄,28228,U+6E44,?,10-25
996,湛,28251,U+6E5B,?,10-25
997,溆,28294,U+6E86,?,10-25
998,源,28304,U+6E90,?,10-25
999,溧,28327,U+6EA7,?,10-25
1000,滁,28353,U+6EC1,?,10-25
1001,滋,28363,U+6ECB,?,10-25
1002,滑,28369,U+6ED1,?,10-25
1003,滔,28372,U+6ED4,?,10-25
1004,滕,28373,U+6ED5,?,10-25
1005,滦,28390,U+6EE6,?,10-25
1006,滨,28392,U+6EE8,?,10-25
1007,滩,28393,U+6EE9,?,10-25
1008,演,28436,U+6F14,?,10-25
1009,漠,28448,U+6F20,?,10-25
1010,漯,28463,U+6F2F,?,10-25
1011,漳,28467,U+6F33,?,10-25
1012,潍,28493,U+6F4D,?,10-25
1013,潢,28514,U+6F62,?,10-25
1014,潭,28525,U+6F6D,?,10-25
1015,潮,28526,U+6F6E,?,10-25
1016,潼,28540,U+6F7C,?,10-25
1017,澜,28572,U+6F9C,?,10-25
1018,澧,28583,U+6FA7,?,10-25
1019,澳,28595,U+6FB3,?,10-25
1020,濮,28654,U+6FEE,?,10-25
1021,瀣,28707,U+7023,?,12-30
1022,灌,28748,U+704C,?,12-30
1023,灯,28783,U+706F,?,12-30
1024,灵,28789,U+7075,?,12-30
1025,炬,28844,U+70AC,?,12-30
1026,烽,28925,U+70FD,?,12-30
1027,焦,28966,U+7126,?,12-30
1028,煌,29004,U+714C,?,12-30
1029,照,29031,U+7167,?,12-30
1030,熙,29081,U+7199,?,12-30
1031,熟,29087,U+719F,?,12-30
1032,燕,29141,U+71D5,?,12-30
1033,爱,29233,U+7231,?,12-30
1034,牛,29275,U+725B,?,12-30
1035,牟,29279,U+725F,?,12-30
1036,牡,29281,U+7261,?,12-30
1037,特,29305,U+7279,?,12-30
1038,狐,29392,U+72D0,?,12-30
1039,独,29420,U+72EC,?,12-30
1040,猛,29467,U+731B,?,12-30
1041,献,29486,U+732E,?,12-30
1042,玛,29595,U+739B,?,12-30
1043,环,29615,U+73AF,?,12-30
1044,球,29699,U+7403,?,12-30
1045,理,29702,U+7406,?,12-30
1046,瑞,29790,U+745E,?,12-30
1047,瓶,29942,U+74F6,?,12-30
1048,甪,29994,U+752A,?,12-30
1049,田,30000,U+7530,?,12-30
1050,由,30001,U+7531,?,12-30
1051,甸,30008,U+7538,?,12-30
1052,界,30028,U+754C,?,12-30
1053,番,30058,U+756A,?,12-30
1054,皇,30343,U+7687,?,12-30
1055,皋,30347,U+768B,?,12-30
1056,盐,30416,U+76D0,?,12-30
1057,盖,30422,U+76D6,?,12-30
1058,盛,30427,U+76DB,?,12-30
1059,盟,30431,U+76DF,?,12-30
1060,盱,30449,U+76F1,?,12-30
1061,相,30456,U+76F8,?,12-30
1062,眉,30473,U+7709,?,12-30
1063,眙,30489,U+7719,?,12-30
1064,眼,30524,U+773C,?,12-30
1065,睢,30562,U+7762,?,12-30
1066,矿,30719,U+77FF,?,12-30
1067,砀,30720,U+7800,?,12-30
1068,砂,30722,U+7802,?,12-30
1069,碑,30865,U+7891,?,12-30
1070,碧,30887,U+78A7,?,12-30
1071,磐,30928,U+78D0,?,12-30
1072,社,31038,U+793E,?,12-30
1073,祁,31041,U+7941,?,12-30
1074,神,31070,U+795E,?,12-30
1075,祥,31077,U+7965,?,12-30
1076,禅,31109,U+7985,?,12-30
1077,禹,31161,U+79B9,?,12-30
1078,禺,31162,U+79BA,?,12-30
1079,秀,31168,U+79C0,?,12-30
1080,私,31169,U+79C1,?,12-30
1081,科,31185,U+79D1,?,12-30
1082,租,31199,U+79DF,?,12-30
1083,秦,31206,U+79E6,?,12-30
1084,稷,31287,U+7A37,?,12-30
1085,章,31456,U+7AE0,?,12-30
1086,符,31526,U+7B26,?,12-30
1087,綦,32166,U+7DA6,?,12-30
1088,纵,32437,U+7EB5,?,12-30
1089,线,32447,U+7EBF,?,12-30
1090,绛,32475,U+7EDB,?,12-30
1091,绥,32485,U+7EE5,?,12-30
1092,网,32593,U+7F51,?,12-30
1093,美,32654,U+7F8E,?,12-30
1094,群,32676,U+7FA4,?,12-30
1095,羽,32701,U+7FBD,?,12-30
1096,老,32769,U+8001,?,12-30
1097,考,32771,U+8003,?,12-30
1098,者,32773,U+8005,?,12-30
1099,耳,32819,U+8033,?,12-30
1100,聊,32842,U+804A,?,12-30
1101,聚,32858,U+805A,?,12-30
1102,肃,32899,U+8083,?,12-30
1103,肇,32903,U+8087,?,12-30
1104,肥,32933,U+80A5,?,12-30
1105,胜,32988,U+80DC,?,12-30
1106,胶,33014,U+80F6,?,12-30
1107,脚,33050,U+811A,?,12-30
1108,腊,33098,U+814A,?,12-30
1109,腿,33151,U+817F,?,12-30
1110,至,33267,U+81F3,?,12-30
1111,致,33268,U+81F4,?,12-30
1112,舞,33310,U+821E,?,12-30
1113,舟,33311,U+821F,?,12-30
1114,艇,33351,U+8247,?,12-30
1115,良,33391,U+826F,?,12-30
1116,艺,33402,U+827A,?,12-30
1117,芒,33426,U+8292,?,12-30
1118,芜,33436,U+829C,?,12-30
1119,芦,33446,U+82A6,?,12-30
1120,芬,33452,U+82AC,?,12-30
1121,芳,33459,U+82B3,?,12-30
1122,芷,33463,U+82B7,?,12-30
1123,苍,33485,U+82CD,?,12-30
1124,茂,33538,U+8302,?,12-30
1125,荆,33606,U+8346,?,12-30
1126,荔,33620,U+8354,?,12-30
1127,荣,33635,U+8363,?,12-30
1128,荷,33655,U+8377,?,12-30
1129,莆,33670,U+8386,?,12-30
1130,莎,33678,U+838E,?,12-30
1131,莒,33682,U+8392,?,12-30
1132,莘,33688,U+8398,?,12-30
1133,莱,33713,U+83B1,?,12-30
1134,莲,33714,U+83B2,?,12-30
1135,获,33719,U+83B7,?,12-30
1136,菁,33729,U+83C1,?,12-30
1137,菏,33743,U+83CF,?,12-30
1138,萝,33821,U+841D,?,12-30
1139,营,33829,U+8425,?,12-30
1140,萧,33831,U+8427,?,12-30
1141,落,33853,U+843D,?,12-30
1142,葛,33883,U+845B,?,12-30
1143,葫,33899,U+846B,?,12-30
1144,蒲,33970,U+84B2,?,12-30
1145,蓥,34021,U+84E5,?,12-30
1146,蓬,34028,U+84EC,?,12-30
1147,虞,34398,U+865E,?,12-30
1148,蚌,34444,U+868C,?,12-30
1149,蜀,34560,U+8700,?,12-30
1150,蜂,34562,U+8702,?,12-30
1151,蟠,34784,U+87E0,?,12-30
1152,衡,34913,U+8861,?,12-30
1153,衢,34914,U+8862,?,12-30
1154,褒,35090,U+8912,?,12-30
1155,襄,35140,U+8944,?,12-30
1156,覆,35206,U+8986,?,12-30
1157,观,35266,U+89C2,?,12-30
1158,览,35272,U+89C8,?,12-30
1159,角,35282,U+89D2,?,12-30
1160,讯,35759,U+8BAF,?,12-30
1161,诸,35832,U+8BF8,?,12-30
1162,贝,36125,U+8D1D,?,12-30
1163,贡,36129,U+8D21,?,12-30
1164,贤,36132,U+8D24,?,12-30
1165,贺,36154,U+8D3A,?,12-30
1166,资,36164,U+8D44,?,12-30
1167,赫,36203,U+8D6B,?,12-30
1168,超,36229,U+8D85,?,12-30
1169,越,36234,U+8D8A,?,12-30
1170,转,36716,U+8F6C,?,12-30
1171,轿,36735,U+8F7F,?,12-30
1172,辉,36745,U+8F89,?,12-30
1173,辛,36763,U+8F9B,?,12-30
1174,边,36793,U+8FB9,?,12-30
1175,达,36798,U+8FBE,?,12-30
1176,迁,36801,U+8FC1,?,12-30
1177,运,36816,U+8FD0,?,12-30
1178,逊,36874,U+900A,?,12-30
1179,速,36895,U+901F,?,12-30
1180,遂,36930,U+9042,?,12-30
1181,邑,37009,U+9091,?,12-30
1182,邡,37025,U+90A1,?,12-30
1183,邢,37026,U+90A2,?,12-30
1184,邯,37039,U+90AF,?,12-30
1185,邱,37041,U+90B1,?,12-30
1186,邳,37043,U+90B3,?,12-30
1187,邵,37045,U+90B5,?,12-30
1188,邹,37049,U+90B9,?,12-30
1189,郁,37057,U+90C1,?,12-30
1190,郊,37066,U+90CA,?,12-30
1191,郎,37070,U+90CE,?,12-30
1192,郏,37071,U+90CF,?,12-30
1193,郓,37075,U+90D3,?,12-30
1194,郡,37089,U+90E1,?,12-30
1195,郫,37099,U+90EB,?,12-30
1196,郯,37103,U+90EF,?,12-30
1197,郴,37108,U+90F4,?,12-30
1198,郸,37112,U+90F8,?,12-30
1199,鄄,37124,U+9104,?,12-30
1200,鄱,37169,U+9131,?,12-30
1201,酒,37202,U+9152,?,12-30
1202,醴,37300,U+91B4,?,12-30
1203,野,37326,U+91CE,?,12-30
1204,钟,38047,U+949F,?,12-30
1205,钦,38054,U+94A6,?,12-30
1206,链,38142,U+94FE,?,12-30
1207,锡,38177,U+9521,?,12-30
1208,锦,38182,U+9526,?,12-30
1209,镇,38215,U+9547,?,12-30
1210,闵,38389,U+95F5,?,12-30
1211,闾,38398,U+95FE,?,12-30
1212,阁,38401,U+9601,?,12-30
1213,阆,38406,U+9606,?,12-30
1214,阜,38428,U+961C,?,12-30
1215,阡,38433,U+9621,?,12-30
1216,阿,38463,U+963F,?,12-30
1217,陀,38464,U+9640,?,12-30
1218,陂,38466,U+9642,?,12-30
1219,际,38469,U+9645,?,12-30
1220,陆,38470,U+9646,?,12-30
1221,陉,38473,U+9649,?,12-30
1222,隆,38534,U+9686,?,12-30
1223,随,38543,U+968F,?,12-30
1224,障,38556,U+969C,?,12-30
1225,雄,38596,U+96C4,?,12-30
1226,雅,38597,U+96C5,?,12-30
1227,集,38598,U+96C6,?,12-30
1228,霆,38662,U+9706,?,12-30
1229,霍,38669,U+970D,?,12-30
1230,霸,38712,U+9738,?,12-30
1231,靖,38742,U+9756,?,12-30
1232,鞍,38797,U+978D,?,12-30
1233,韶,38902,U+97F6,?,12-30
1234,项,39033,U+9879,?,12-30
1235,颍,39053,U+988D,?,12-30
1236,饶,39286,U+9976,?,12-30
1237,首,39318,U+9996,?,12-30
1238,香,39321,U+9999,?,12-30
1239,驰,39536,U+9A70,?,12-30
1240,驳,39539,U+9A73,?,12-30
1241,驻,39547,U+9A7B,?,12-30
1242,驾,39550,U+9A7E,?,12-30
1243,骅,39557,U+9A85,?,12-30
1244,验,39564,U+9A8C,?,12-30
1245,骑,39569,U+9A91,?,12-30
1246,鲅,40069,U+9C85,?,12-30
1247,鲍,40077,U+9C8D,?,12-30
1248,鸿,40511,U+9E3F,?,12-30
1249,鹤,40548,U+9E64,?,12-30
1250,鹰,40560,U+9E70,?,12-30
1251,鹿,40575,U+9E7F,?,12-30
1252,麓,40595,U+9E93,?,12-30
1253,黎,40654,U+9ECE,?,12-30
1254,鼓,40723,U+9F13,?,12-30
1255,齐,40784,U+9F50,?,12-30
1256,局,23616,U+5C40,?,8-20
1257,乘,20056,U+4E58,?,5-15
1258,执,25191,U+6267,?,10-25
1259,事,20107,U+4E8B,?,5-15
1260,迪,36842,U+8FEA,?,12-30
1261,刷,21047,U+5237,?,8-20
1262,址,22336,U+5740,?,8-20
1263,共,20849,U+5171,?,8-20
1264,窑,31377,U+7A91,?,12-30
1265,装,35013,U+88C5,?,12-30
1266,旅,26053,U+65C5,?,10-25
1267,眠,30496,U+7720,?,12-30
